venue,date,artist,supporting_acts,ticket_link,price,genre,age_restriction,show_time_str,parsed_date,price_min,price_max,scraped_at,day_of_week,day_of_week_order,is_weekend,show_time,is_late_show,event_id,genre_group
Casbah,Tue Jul 1,"Control Defect, Go Scarlet, Club Majo",,https://wl.seetickets.us/event/control-defect-go-scarlet-club-majo/653972?afflky=Casbah,$9.00,Alternative,21+,8:30PM,2025-07-01 00:00:00,9.0,,2025-06-09T21:08:50.948696,Tuesday,2,False,2025-07-01 20:30:00,False,c72a029c9ac242609f49eec8ef0ad28a,Rock/Alternative
Casbah,Mon Jul 14,"Keep Flying, Out in Front",,https://wl.seetickets.us/event/keep-flying-out-in-front/653398?afflky=Casbah,$15.00,Rock,21+,8:00PM,2025-07-14 00:00:00,15.0,,2025-06-09T21:08:50.948696,Monday,1,False,2025-07-14 20:00:00,False,9eb2f89f94f94b17965b826e26483287,Rock/Alternative
Casbah,Sun Nov 16,Adam Melchor,,https://www.ticketweb.com/event/adam-melchor-music-box-tickets/13782394?pl=musicboxsd,$25.00-$28.00,Indie,All Ages,8:00PM,2025-11-16 00:00:00,25.0,28.0,2025-06-09T21:08:50.948696,Sunday,7,True,2025-11-16 20:00:00,False,67eb96c48ce54a4591eb0cf4c0343de0,Rock/Alternative
Casbah,Wed Sep 24,Moon Hooch,Evan Hatfield,https://www.ticketweb.com/event/moon-hooch-belly-up-tickets/13774024?pl=bellyup,$22.00-$39.00,Instrumental,21+,8:00PM,2025-09-24 00:00:00,22.0,39.0,2025-06-09T21:08:50.948696,Wednesday,3,False,2025-09-24 20:00:00,False,a183523d43bf44d7ad36001c389398eb,Experimental/Ambient
Casbah,Tue Jul 8,"Ryan Blue and the Bis, Poor Thing, John Meeks",,https://wl.seetickets.us/event/ryan-blue-and-the-bis-poor-thing-john-meeks/653397?afflky=Casbah,$10.00,Americana,21+,8:00PM,2025-07-08 00:00:00,10.0,,2025-06-09T21:08:50.948696,Tuesday,2,False,2025-07-08 20:00:00,False,9a35dc96e06e43069e7e9e4178a8d4d5,Folk/Country
Casbah,Fri Nov 14,Mating Ritual,,https://wl.seetickets.us/event/mating-ritual/651790?afflky=Casbah,$20.00-$25.00,Alternative,21+,8:30PM,2025-11-14 00:00:00,20.0,25.0,2025-06-09T21:08:50.948696,Friday,5,True,2025-11-14 20:30:00,False,f34f1170c6d0474083847b2bad09b937,Rock/Alternative
Casbah,Sun Oct 26,Water From Your Eyes,Dutch Interior,https://wl.seetickets.us/event/water-from-your-eyes/651254?afflky=Casbah,$20.00-$25.00,Alternative,21+,8:00PM,2025-10-26 00:00:00,20.0,25.0,2025-06-09T21:08:50.948696,Sunday,7,True,2025-10-26 20:00:00,False,ddb3913be5cf4148842855a78467e5d4,Rock/Alternative
Casbah,Thu Oct 16,Pool Kids,"Truth Club, PONY",https://link.dice.fm/poolkids25soda,$15.00-$18.00,Emo,21+,7:30PM,2025-10-16 00:00:00,15.0,18.0,2025-06-09T21:08:50.948696,Thursday,4,False,2025-10-16 19:30:00,False,7e9271199bc84933a1d586cca580c896,Rock/Alternative
Casbah,Sun Nov 9,Neko Case,John Grant,https://www.ticketweb.com/event/neko-case-fall-tour-2025-belly-up-tickets/13775114?pl=bellyup,$56.00-$98.00,Indie,21+,8:00PM,2025-11-09 00:00:00,56.0,98.0,2025-06-09T21:08:50.948696,Sunday,7,True,2025-11-09 20:00:00,False,bd94b38afde34e0783df5109aeb3290a,Rock/Alternative
Casbah,Wed Sep 10,Cass McCombs,,https://wl.seetickets.us/event/cass-mccombs/652194?afflky=Casbah,$22.00-$25.00,Indie,21+,8:30PM,2025-09-10 00:00:00,22.0,25.0,2025-06-09T21:08:50.948696,Wednesday,3,False,2025-09-10 20:30:00,False,89d1cad041044452ab3c2ed5d2cc2d4a,Rock/Alternative
Casbah,Tue Jun 10,"Headworm, Pip Lewis, Bud Nap, DJ Catkiller",,https://wl.seetickets.us/event/headworm-pip-lewis-bud-nap-dj-catkiller/646258?afflky=Casbah,$9.00,Indie,21+,8:00PM,2025-06-10 00:00:00,9.0,,2025-06-09T21:08:50.948696,Tuesday,2,False,2025-06-10 20:00:00,False,9c1b7c5f8fcb45a1bf195520e3455fc7,Rock/Alternative
Casbah,Wed Jun 11,"Refuza, Sweet Myths, Rosethorne",,https://wl.seetickets.us/event/refuza-sweet-myths-rosethorne/649689?afflky=Casbah,$9.00,Alternative,21+,8:30PM,2025-06-11 00:00:00,9.0,,2025-06-09T21:08:50.948696,Wednesday,3,False,2025-06-11 20:30:00,False,63d961dd8ade4ac2a2d59bd69870e055,Rock/Alternative
Casbah,Thu Jun 12,"Chuck Prophet & His Cumbia Shoes, Alex Bergan",,https://wl.seetickets.us/event/chuck-prophet-and-his-cumbia-shoes-alex-bergan/645266?afflky=Casbah,$25.00,Rock,21+,8:30PM,2025-06-12 00:00:00,25.0,,2025-06-09T21:08:50.948696,Thursday,4,False,2025-06-12 20:30:00,False,07b8e075a17f465aa0fda46717402a7c,Rock/Alternative
Casbah,Fri Jun 13,Preoccupations,Goon,https://wl.seetickets.us/event/preoccupations/637012?afflky=Casbah,$22.00-$25.00,Alternative,21+,8:30PM,2025-06-13 00:00:00,22.0,25.0,2025-06-09T21:08:50.948696,Friday,5,True,2025-06-13 20:30:00,False,e38db22d2f0e43019bb54cc1bc6c67e7,Rock/Alternative
Casbah,Sat Jun 14,"Jesika von Rabbit, The Loons, SeaBase",,https://wl.seetickets.us/event/jesika-von-rabbit-the-loons-seabase/647434?afflky=Casbah,$15.00,Indie,21+,8:30PM,2025-06-14 00:00:00,15.0,,2025-06-09T21:08:50.948696,Saturday,6,True,2025-06-14 20:30:00,False,11ad5c82237e4ae4aca11715d8ee5f22,Rock/Alternative
Casbah,Sun Jun 15,"Oh He Dead, Marelle",,https://wl.seetickets.us/event/oh-he-dead-marelle/644936?afflky=Casbah,$15.00-$18.00,Indie,21+,8:30PM,2025-06-15 00:00:00,15.0,18.0,2025-06-09T21:08:50.948696,Sunday,7,True,2025-06-15 20:30:00,False,a8707191ca244a27a77c2599590ab144,Rock/Alternative
Casbah,Mon Jun 16,"Winona Fighter, Hauntu",,https://wl.seetickets.us/event/winona-fighter-hauntu/644393?afflky=Casbah,$9.49,Alternative,21+,8:30PM,2025-06-16 00:00:00,9.49,,2025-06-09T21:08:50.948696,Monday,1,False,2025-06-16 20:30:00,False,edad6a313bed493587e0822999bdeebe,Rock/Alternative
Casbah,Tue Jun 17,"The Egg Factory, Pip Lewis, The Fazes, DJ Krysdacat",,https://wl.seetickets.us/event/the-egg-factory-pip-lewis-the-fazes-dj-krysdacat/646261?afflky=Casbah,$9.00,Indie,21+,8:00PM,2025-06-17 00:00:00,9.0,,2025-06-09T21:08:50.948696,Tuesday,2,False,2025-06-17 20:00:00,False,bbf18485008344bea8ed03b18a507ef5,Rock/Alternative
Casbah,Wed Jun 18,"Dead Bob, UltraBomb",,https://wl.seetickets.us/event/dead-bob-ultrabomb/643797?afflky=Casbah,$20.00,Punk,21+,8:30PM,2025-06-18 00:00:00,20.0,,2025-06-09T21:08:50.948696,Wednesday,3,False,2025-06-18 20:30:00,False,0b2e2697ed464264b26dcf81a23414e0,Punk
Casbah,Thu Jun 19,"Julie Doiron, Shannon Lay",Caged Animals,https://wl.seetickets.us/event/julie-doiron-shannon-lay/642656?afflky=Casbah,$20.00,Singer/Songwriter,21+,8:30PM,2025-06-19 00:00:00,20.0,,2025-06-09T21:08:50.948696,Thursday,4,False,2025-06-19 20:30:00,False,a2077bfa814a4f3591119735b6c880db,Folk/Country
Casbah,Fri Jun 20,Emo Nite,,https://wl.seetickets.us/event/emo-nite/650006?afflky=Casbah,$21.00-$26.00,Emo,21+,9:00PM,2025-06-20 00:00:00,21.0,26.0,2025-06-09T21:08:50.948696,Friday,5,True,2025-06-20 21:00:00,True,6bd50aa4a60549928e28b8770d263451,Rock/Alternative
Casbah,Sat Jun 21,"Uncle Lucius, Country Night (DJ Set)",,https://wl.seetickets.us/event/uncle-lucius-country-night-dj-set/641820?afflky=Casbah,$22.00-$25.00,Alternative,21+,8:30PM,2025-06-21 00:00:00,22.0,25.0,2025-06-09T21:08:50.948696,Saturday,6,True,2025-06-21 20:30:00,False,59b623f15f724bdfa6275e38434163b2,Rock/Alternative
Casbah,Sun Jun 22,"Avengers, Zeros '77, Hector Penalosa Gang",,https://wl.seetickets.us/event/avengers-zeros-77-hector-penalosa-gang/651241?afflky=Casbah,$20.00,Punk,21+,4:00PM,2025-06-22 00:00:00,20.0,,2025-06-09T21:08:50.948696,Sunday,7,True,2025-06-22 16:00:00,False,2c8f5f96fd924a2e862f23e3665142be,Punk
Casbah,Tue Jun 24,"Ian Curtis, Pip Lewis, Lydon X Faeth, DJ Ian Curtis",,https://wl.seetickets.us/event/ian-curtis-pip-lewis-lydon-x-faeth-dj-ian-curtis/646262?afflky=Casbah,$9.00,Indie,21+,8:00PM,2025-06-24 00:00:00,9.0,,2025-06-09T21:08:50.948696,Tuesday,2,False,2025-06-24 20:00:00,False,cef48f4a7ecc445691d5c77ddf82505c,Rock/Alternative
Casbah,Wed Jun 25,Tommy Newport,,https://wl.seetickets.us/event/tommy-newport/647659?afflky=Casbah,$18.00-$20.00,Indie,21+,8:30PM,2025-06-25 00:00:00,18.0,20.0,2025-06-09T21:08:50.948696,Wednesday,3,False,2025-06-25 20:30:00,False,c272c996d5ea4061b8090503fc6cbcae,Rock/Alternative
Casbah,Thu Jun 26,"JOHN GARCIA, former vocalist of KYUSS, playing all his class",Telekinetic Yeti,https://wl.seetickets.us/event/john-garcia-former-vocalist-of-kyuss-playing-all-his-class/648474?afflky=Casbah,$40.00-$45.00,Rock,21+,7:30PM,2025-06-26 00:00:00,40.0,45.0,2025-06-09T21:08:50.948696,Thursday,4,False,2025-06-26 19:30:00,False,00b627e1feb447829afdd5c937a44500,Rock/Alternative
Casbah,Fri Jun 27,"L.A. Witch, chokecherry",,https://wl.seetickets.us/event/la-witch-chokecherry/637806?afflky=Casbah,$20.00,Rock,21+,8:30PM,2025-06-27 00:00:00,20.0,,2025-06-09T21:08:50.948696,Friday,5,True,2025-06-27 20:30:00,False,66dc0ab4009948ecbc9d7461e8a0b400,Rock/Alternative
Casbah,Sat Jun 28,"L.A. Witch, Scary Pierre",,https://wl.seetickets.us/event/la-witch-scary-pierre/637811?afflky=Casbah,$20.00,Rock,21+,8:30PM,2025-06-28 00:00:00,20.0,,2025-06-09T21:08:50.948696,Saturday,6,True,2025-06-28 20:30:00,False,b16b9ef64bc94be0929ef9aab9507e95,Rock/Alternative
Casbah,Tue Jul 1,"Control Defect, Go Scarlet, Club Majo",,https://wl.seetickets.us/event/control-defect-go-scarlet-club-majo/653972?afflky=Casbah,$9.00,Alternative,21+,8:30PM,2025-07-01 00:00:00,9.0,,2025-06-09T21:08:50.948696,Tuesday,2,False,2025-07-01 20:30:00,False,fc8249bfb0b54e40b2f6aad2c629e1db,Rock/Alternative
Casbah,Wed Jul 2,"moondaddy, Omo Cloud, In Mazes, Klurax",,https://wl.seetickets.us/event/moondaddy-omo-cloud-in-mazes-klurax/646903?afflky=Casbah,$12.00-$15.00,Indie,21+,8:00PM,2025-07-02 00:00:00,12.0,15.0,2025-06-09T21:08:50.948696,Wednesday,3,False,2025-07-02 20:00:00,False,5dea5c993dd5428b98c523192a9c37a3,Rock/Alternative
Casbah,Thu Jul 3,"Tropical Fuck Storm, Bill Orcutt",,https://wl.seetickets.us/event/tropical-fuck-storm-bill-orcutt/639440?afflky=Casbah,$24.00-$28.00,Alternative,21+,8:30PM,2025-07-03 00:00:00,24.0,28.0,2025-06-09T21:08:50.948696,Thursday,4,False,2025-07-03 20:30:00,False,3efc3e8bcb9d4445990f2833f9f98490,Rock/Alternative
Casbah,Sat Jul 5,"Pegboy, DFMK, Tigers in Cairo",,https://wl.seetickets.us/event/pegboy-dfmk-tigers-in-cairo/642743?afflky=Casbah,$20.00-$25.00,Punk,21+,8:30PM,2025-07-05 00:00:00,20.0,25.0,2025-06-09T21:08:50.948696,Saturday,6,True,2025-07-05 20:30:00,False,1f0fb4e6bd684cffafedb44b0af64359,Punk
Casbah,Tue Jul 8,"Ryan Blue and the Bis, Poor Thing, John Meeks",,https://wl.seetickets.us/event/ryan-blue-and-the-bis-poor-thing-john-meeks/653397?afflky=Casbah,$10.00,Americana,21+,8:00PM,2025-07-08 00:00:00,10.0,,2025-06-09T21:08:50.948696,Tuesday,2,False,2025-07-08 20:00:00,False,63961a45c4314814b4a1ebe43f87af4a,Folk/Country
Casbah,Wed Jul 9,Vandoliers,,https://wl.seetickets.us/event/vandoliers/645199?afflky=Casbah,$20.00-$25.00,Americana,21+,8:30PM,2025-07-09 00:00:00,20.0,25.0,2025-06-09T21:08:50.948696,Wednesday,3,False,2025-07-09 20:30:00,False,6e8c7ae162064994a92d996d8c43d7f5,Folk/Country
Casbah,Thu Jul 10,Bad Cop/Bad Cop,"The Last Gang, Poli van Dam",https://wl.seetickets.us/event/bad-copbad-cop/650241?afflky=Casbah,$18.00-$22.00,Punk,21+,8:30PM,2025-07-10 00:00:00,18.0,22.0,2025-06-09T21:08:50.948696,Thursday,4,False,2025-07-10 20:30:00,False,33162efd7fe844bd81af8c0a427c9749,Punk
Casbah,Fri Jul 11,"Low Cut Connie, ANNABEL LEE",,https://wl.seetickets.us/event/low-cut-connie-annabel-lee/640041?afflky=Casbah,$25.00-$30.00,Indie,21+,8:30PM,2025-07-11 00:00:00,25.0,30.0,2025-06-09T21:08:50.948696,Friday,5,True,2025-07-11 20:30:00,False,7100296603b84bb884daccaa85c8acce,Rock/Alternative
Casbah,Sat Jul 12,Solucion Mortal| The Mormons| The Executives| Leadfoot,"Ghetto Scheist, Kid Galahad & The Eternals, One Square Mile, Making Incredible Time, Punch Card, Halloween Jax, Tiki Tronic, The Downs Family",https://wl.seetickets.us/event/solucion-mortalor-the-mormonsor-the-executivesor-leadfoot/643344?afflky=Casbah,$15.00-$20.00,Punk,21+,2:00PM,2025-07-12 00:00:00,15.0,20.0,2025-06-09T21:08:50.948696,Saturday,6,True,2025-07-12 14:00:00,False,09e43f0d2fd045f3bc94af14ece46a52,Punk
Casbah,Mon Jul 14,"Keep Flying, Out in Front",,https://wl.seetickets.us/event/keep-flying-out-in-front/653398?afflky=Casbah,$15.00,Rock,21+,8:00PM,2025-07-14 00:00:00,15.0,,2025-06-09T21:08:50.948696,Monday,1,False,2025-07-14 20:00:00,False,3a808a7967924aa5abd5dabfb0347e34,Rock/Alternative
Casbah,Tue Jul 15,"12 GAUGE TRIXIE, Anti Groupies , Girls Got Nerve",,https://wl.seetickets.us/event/12-gauge-trixie-anti-groupies-girls-got-nerve/652462?afflky=Casbah,$9.00,Rock,21+,8:30PM,2025-07-15 00:00:00,9.0,,2025-06-09T21:08:50.948696,Tuesday,2,False,2025-07-15 20:30:00,False,a67fa6e792da4a548979ab3d7bdee542,Rock/Alternative
Casbah,Wed Jul 16,The Coronas,,https://wl.seetickets.us/event/the-coronas/640379?afflky=Casbah,$24.00-$28.00,Indie,21+,8:30PM,2025-07-16 00:00:00,24.0,28.0,2025-06-09T21:08:50.948696,Wednesday,3,False,2025-07-16 20:30:00,False,f9708c880f404a6985cff61e43a8fe75,Rock/Alternative
Casbah,Sat Jul 19,HARBOUR,"Sam McPherson, Hate Drugs",https://wl.seetickets.us/event/harbour/646080?afflky=Casbah,$25.00,Indie,21+,8:00PM,2025-07-19 00:00:00,25.0,,2025-06-09T21:08:50.948696,Saturday,6,True,2025-07-19 20:00:00,False,47fd3f60b2d64b778146b122c147ab42,Rock/Alternative
Casbah,Sun Jul 20,Ellis Bullard,,https://wl.seetickets.us/event/ellis-bullard/652096?afflky=Casbah,$15.00,Country,21+,8:30PM,2025-07-20 00:00:00,15.0,,2025-06-09T21:08:50.948696,Sunday,7,True,2025-07-20 20:30:00,False,6dfa2df7f0b344948cbadcd5d6a0d650,Folk/Country
Casbah,Mon Jul 21,"Dusk Drama, Sometimes Julie, Calamity",,https://wl.seetickets.us/event/dusk-drama-sometimes-julie-calamity/652805?afflky=Casbah,$9.00,Alternative,21+,8:30PM,2025-07-21 00:00:00,9.0,,2025-06-09T21:08:50.948696,Monday,1,False,2025-07-21 20:30:00,False,1b288b275526421db846f2c03e0992bb,Rock/Alternative
Casbah,Wed Jul 23,"The Stereotypes, Bang Bang Jet Away, Soft Truth",,https://wl.seetickets.us/event/the-stereotypes-bang-bang-jet-away-soft-truth/652946?afflky=Casbah,$12.00,Rock,21+,8:30PM,2025-07-23 00:00:00,12.0,,2025-06-09T21:08:50.948696,Wednesday,3,False,2025-07-23 20:30:00,False,1ce3ca1a263d4c5bbb4a16f15045bb7b,Rock/Alternative
Casbah,Thu Jul 24,"Giuda, Lower Class Brats",Menstrual Tramps,https://wl.seetickets.us/event/giuda-lower-class-brats/647955?afflky=Casbah,$20.00-$25.00,Rock,21+,8:30PM,2025-07-24 00:00:00,20.0,25.0,2025-06-09T21:08:50.948696,Thursday,4,False,2025-07-24 20:30:00,False,b8dd905bf8994a4cbc13139c339436d4,Rock/Alternative
Casbah,Fri Jul 25,Ben Kweller,Ryman,https://wl.seetickets.us/event/ben-kweller/629970?afflky=Casbah,$27.00-$30.00,Indie,21+,8:30PM,2025-07-25 00:00:00,27.0,30.0,2025-06-09T21:08:50.948696,Friday,5,True,2025-07-25 20:30:00,False,ee19464573934368a9d3986ba542fe2a,Rock/Alternative
Casbah,Sat Jul 26,"SPIRIT OF THE BEEHIVE, Her New Knife",,https://wl.seetickets.us/event/spirit-of-the-beehive-her-new-knife/646652?afflky=Casbah,$20.00,Alternative,21+,8:30PM,2025-07-26 00:00:00,20.0,,2025-06-09T21:08:50.948696,Saturday,6,True,2025-07-26 20:30:00,False,d9b122350df74e5ea2541218f1532d84,Rock/Alternative
Casbah,Sun Jul 27,"Leavers, Witch Face, Toof Fairy",,https://wl.seetickets.us/event/leavers-witch-face-toof-fairy/649848?afflky=Casbah,$10.00,Rock,21+,4:00PM,2025-07-27 00:00:00,10.0,,2025-06-09T21:08:50.948696,Sunday,7,True,2025-07-27 16:00:00,False,18aff088d0a84c3787159ba4d06e3395,Rock/Alternative
Casbah,Tue Jul 29,"Rickety Cliffs, Cowl, Yu Ishii",,https://wl.seetickets.us/event/rickety-cliffs-cowl-yu-ishii/653157?afflky=Casbah,$9.00,Alternative,21+,8:30PM,2025-07-29 00:00:00,9.0,,2025-06-09T21:08:50.948696,Tuesday,2,False,2025-07-29 20:30:00,False,ba5583cef5d4423791b7f3443d492d34,Rock/Alternative
Casbah,Fri Aug 1,Counterfit,,https://wl.seetickets.us/event/counterfit/641648?afflky=Casbah,$20.00-$25.00,Alternative,21+,8:30PM,2025-08-01 00:00:00,20.0,25.0,2025-06-09T21:08:50.948696,Friday,5,True,2025-08-01 20:30:00,False,9c7231ff867b4231957c741986a70b42,Rock/Alternative
Casbah,Sat Aug 2,Counterfit,,https://wl.seetickets.us/event/counterfit/641650?afflky=Casbah,$20.00-$25.00,Alternative,21+,8:30PM,2025-08-02 00:00:00,20.0,25.0,2025-06-09T21:08:50.948696,Saturday,6,True,2025-08-02 20:30:00,False,c75669fdfb0d47a090e86021939d76df,Rock/Alternative
Casbah,Sun Aug 3,Counterfit,,https://wl.seetickets.us/event/counterfit/644450?afflky=Casbah,$20.00-$25.00,Alternative,21+,8:00PM,2025-08-03 00:00:00,20.0,25.0,2025-06-09T21:08:50.948696,Sunday,7,True,2025-08-03 20:00:00,False,4380342664234c65a00ae325f1e51904,Rock/Alternative
Casbah,Thu Aug 7,"Dead Rock West, Cash & Skye",,https://wl.seetickets.us/event/dead-rock-west-cash-and-skye/646567?afflky=Casbah,$20.00,Americana,21+,8:30PM,2025-08-07 00:00:00,20.0,,2025-06-09T21:08:50.948696,Thursday,4,False,2025-08-07 20:30:00,False,651b20c730db4e4a9920d1acfeee3084,Folk/Country
Casbah,Fri Aug 8,Plague Vendor,,https://wl.seetickets.us/event/plague-vendor/651273?afflky=Casbah,$25.00,Rock,21+,9:00PM,2025-08-08 00:00:00,25.0,,2025-06-09T21:08:50.948696,Friday,5,True,2025-08-08 21:00:00,True,a52f88943a52433c9efeedadf942a5d8,Rock/Alternative
Casbah,Sat Aug 9,Plague Vendor,Mistress 77,https://wl.seetickets.us/event/plague-vendor/651276?afflky=Casbah,$25.00,Rock,21+,9:00PM,2025-08-09 00:00:00,25.0,,2025-06-09T21:08:50.948696,Saturday,6,True,2025-08-09 21:00:00,True,a9dcd617d2354deaaf6fa20ab24b1281,Rock/Alternative
Casbah,Sun Aug 10,"Cory Cross, Justin John Rodriguez, Conan Callahan & The Pret",,https://wl.seetickets.us/event/cory-cross-justin-john-rodriguez-conan-callahan-and-the-pret/649690?afflky=Casbah,$10.00,Americana,,8:00PM,2025-08-10 00:00:00,10.0,,2025-06-09T21:08:50.948696,Sunday,7,True,2025-08-10 20:00:00,False,8cabc4ee51564473b9c0876b6ba6da4e,Folk/Country
Casbah,Mon Aug 11,MSPAINT,"Lip Critic, Pat and the Pissers",https://wl.seetickets.us/event/mspaint/648284?afflky=Casbah,$16.00-$18.00,Alternative,21+,8:30PM,2025-08-11 00:00:00,16.0,18.0,2025-06-09T21:08:50.948696,Monday,1,False,2025-08-11 20:30:00,False,10996ea8d57342919d5365b3f6c4ea16,Rock/Alternative
Casbah,Tue Aug 12,7Horse,,https://wl.seetickets.us/event/7horse/650577?afflky=Casbah,$35.00,Alternative,21+,8:30PM,2025-08-12 00:00:00,35.0,,2025-06-09T21:08:50.948696,Tuesday,2,False,2025-08-12 20:30:00,False,509612c2fee441f89eaffa913a11307a,Rock/Alternative
Casbah,Sat Aug 16,"The Pandoras, The Loons, The Film Company",,https://wl.seetickets.us/event/the-pandoras-the-loons-the-film-company/645347?afflky=Casbah,$20.00-$25.00,Rock,21+,8:30PM,2025-08-16 00:00:00,20.0,25.0,2025-06-09T21:08:50.948696,Saturday,6,True,2025-08-16 20:30:00,False,20d63cf213b34250b360e7797feda7b7,Rock/Alternative
Casbah,Wed Aug 20,"Alex Bergan, Garrett Owen, Shelbi Bennett",,https://wl.seetickets.us/event/alex-bergan-garrett-owen-shelbi-bennett/647957?afflky=Casbah,$12.00,Americana,21+,8:30PM,2025-08-20 00:00:00,12.0,,2025-06-09T21:08:50.948696,Wednesday,3,False,2025-08-20 20:30:00,False,ed905a83867542d2ad919339dd3584e0,Folk/Country
Casbah,Fri Aug 22,Tim Heidecker,and the Very Good Band,https://wl.seetickets.us/event/tim-heidecker/649556?afflky=Casbah,$39.50-$139.50,Indie,21+,8:00PM,2025-08-22 00:00:00,39.5,139.5,2025-06-09T21:08:50.948696,Friday,5,True,2025-08-22 20:00:00,False,ae732881ff4f42a1a0d8a17cf06e45f9,Rock/Alternative
Casbah,Sat Aug 23,"Coyote Island, Cherokee Social",,https://wl.seetickets.us/event/coyote-island-cherokee-social/649702?afflky=Casbah,$15.00-$20.00,Indie,21+,8:30PM,2025-08-23 00:00:00,15.0,20.0,2025-06-09T21:08:50.948696,Saturday,6,True,2025-08-23 20:30:00,False,ce541d609d49429e8c7d61af23ba2295,Rock/Alternative
Casbah,Fri Aug 29,Yuno,,https://wl.seetickets.us/event/yuno/649566?afflky=Casbah,$22.00-$25.00,Indie,21+,8:30PM,2025-08-29 00:00:00,22.0,25.0,2025-06-09T21:08:50.948696,Friday,5,True,2025-08-29 20:30:00,False,732ac5428a704ebf83369ff564cf6605,Rock/Alternative
Casbah,Wed Sep 3,JD Clayton,,https://wl.seetickets.us/event/jd-clayton/649572?afflky=Casbah,$20.00-$25.00,Country,21+,8:30PM,2025-09-03 00:00:00,20.0,25.0,2025-06-09T21:08:50.948696,Wednesday,3,False,2025-09-03 20:30:00,False,333de60947b24704b29e8463ff9b990d,Folk/Country
Casbah,Thu Sep 4,"Hey, Chels, The White Collars, North by North, Beth and the",,https://wl.seetickets.us/event/hey-chels-the-white-collars-north-by-north-beth-and-the/650970?afflky=Casbah,$12.00-$15.00,Alternative,21+,8:00PM,2025-09-04 00:00:00,12.0,15.0,2025-06-09T21:08:50.948696,Thursday,4,False,2025-09-04 20:00:00,False,9dcabf47b3344c74a828d11160a9e78a,Rock/Alternative
Casbah,Sat Sep 6,Fat Dog,,https://wl.seetickets.us/event/fat-dog/648655?afflky=Casbah,$20.00,Post Punk,21+,8:30PM,2025-09-06 00:00:00,20.0,,2025-06-09T21:08:50.948696,Saturday,6,True,2025-09-06 20:30:00,False,7859f3ebd79341e287b99dd47739b3de,Rock/Alternative
Casbah,Wed Sep 10,Cass McCombs,,https://wl.seetickets.us/event/cass-mccombs/652194?afflky=Casbah,$22.00-$25.00,Indie,21+,8:30PM,2025-09-10 00:00:00,22.0,25.0,2025-06-09T21:08:50.948696,Wednesday,3,False,2025-09-10 20:30:00,False,8090cbda154744fab77dda2c51466399,Rock/Alternative
Casbah,Fri Sep 12,Cursive,miniaturized,https://wl.seetickets.us/event/cursive/651597?afflky=Casbah,$30.00,Indie,21+,8:30PM,2025-09-12 00:00:00,30.0,,2025-06-09T21:08:50.948696,Friday,5,True,2025-09-12 20:30:00,False,fc5bf79013c0427b95f26ba7fa08da64,Rock/Alternative
Casbah,Sat Sep 13,Anamanaguchi,sobs,https://wl.seetickets.us/event/anamanaguchi/648570?afflky=Casbah,$30.00,Indie,21+,8:30PM,2025-09-13 00:00:00,30.0,,2025-06-09T21:08:50.948696,Saturday,6,True,2025-09-13 20:30:00,False,17b4375684184e3abc2a73b75e88f640,Rock/Alternative
Casbah,Sun Sep 14,"Labretta Suede & The Motel 6, Deadbolt",,https://wl.seetickets.us/event/labretta-suede-and-the-motel-6-deadbolt/650560?afflky=Casbah,$15.00,Rock,21+,4:00PM,2025-09-14 00:00:00,15.0,,2025-06-09T21:08:50.948696,Sunday,7,True,2025-09-14 16:00:00,False,cfd3c616be18407bb0a7a64d09ba6f4b,Rock/Alternative
Casbah,Mon Sep 15,"Pile, NNAMDI",,https://wl.seetickets.us/event/pile-nnamdi/649801?afflky=Casbah,$20.00-$25.00,Rock,21+,8:30PM,2025-09-15 00:00:00,20.0,25.0,2025-06-09T21:08:50.948696,Monday,1,False,2025-09-15 20:30:00,False,8b91fdf6a2c04599abb820c627972244,Rock/Alternative
Casbah,Wed Sep 17,Samia,Hank Heaven,https://www.ticketweb.com/event/samia-the-bloodless-music-box-tickets/14373083?pl=musicboxsd,$24.00-$27.00,Indie,All Ages,8:00PM,2025-09-17 00:00:00,24.0,27.0,2025-06-09T21:08:50.948696,Wednesday,3,False,2025-09-17 20:00:00,False,9257cdb3bb5041bf8410ab283fec1705,Rock/Alternative
Casbah,Sat Sep 20,Oracle Sisters,,https://wl.seetickets.us/event/oracle-sisters/641844?afflky=Casbah,$22.00-$25.00,Folk,21+,8:30PM,2025-09-20 00:00:00,22.0,25.0,2025-06-09T21:08:50.948696,Saturday,6,True,2025-09-20 20:30:00,False,0b3a322191d54006b76523944ba07723,Folk/Country
Casbah,Mon Sep 22,Castle Rat,,https://wl.seetickets.us/event/castle-rat/649270?afflky=Casbah,$20.00,Rock,21+,8:30PM,2025-09-22 00:00:00,20.0,,2025-06-09T21:08:50.948696,Monday,1,False,2025-09-22 20:30:00,False,0105db070d704756bb8179ac5e4deaaf,Rock/Alternative
Casbah,Thu Sep 25,"Reverend Horton Heat, Messer Chups",,https://wl.seetickets.us/event/reverend-horton-heat-messer-chups/647699?afflky=Casbah,$35.00-$40.00,Rock,21+,8:30PM,2025-09-25 00:00:00,35.0,40.0,2025-06-09T21:08:50.948696,Thursday,4,False,2025-09-25 20:30:00,False,c75ce14afa4e4fb982fdc4efa1c16ccb,Rock/Alternative
Casbah,Fri Sep 26,"Reverend Horton Heat, The Creepy Creeps",,https://wl.seetickets.us/event/reverend-horton-heat-the-creepy-creeps/647703?afflky=Casbah,$35.00-$40.00,Rock,21+,8:30PM,2025-09-26 00:00:00,35.0,40.0,2025-06-09T21:08:50.948696,Friday,5,True,2025-09-26 20:30:00,False,67e964af621844dbabd7f383036bd0e6,Rock/Alternative
Casbah,Sun Sep 28,"Jay Aston's Gene Loves Jezebel, DJ Vaughn Avakian",,https://wl.seetickets.us/event/jay-astons-gene-loves-jezebel-dj-vaughn-avakian/651081?afflky=Casbah,$25.00,New Wave,21+,8:30PM,2025-09-28 00:00:00,25.0,,2025-06-09T21:08:50.948696,Sunday,7,True,2025-09-28 20:30:00,False,7ac2eae316d64f18b54b6965d8d3df7b,Rock/Alternative
Casbah,Mon Sep 29,"Goat Girl, Maria BC",,https://wl.seetickets.us/event/goat-girl-maria-bc/649279?afflky=Casbah,$22.00,Alternative,21+,8:30PM,2025-09-29 00:00:00,22.0,,2025-06-09T21:08:50.948696,Monday,1,False,2025-09-29 20:30:00,False,d37410c89530406f8507904f61a2bb6c,Rock/Alternative
Casbah,Wed Oct 1,Model/Actriz,,https://wl.seetickets.us/event/modelactriz/648340?afflky=Casbah,$20.00,Indie,,8:30PM,2025-10-01 00:00:00,20.0,,2025-06-09T21:08:50.948696,Wednesday,3,False,2025-10-01 20:30:00,False,8d9e56cc847440c2aff591f2ee432868,Rock/Alternative
Casbah,Sat Oct 4,"Jason D. Williams, Supersuckers, Wayne The Train Hancock",,https://wl.seetickets.us/event/jason-d-williams-supersuckers-wayne-the-train-hancock/640377?afflky=Casbah,$30.00,Americana,21+,8:00PM,2025-10-04 00:00:00,30.0,,2025-06-09T21:08:50.948696,Saturday,6,True,2025-10-04 20:00:00,False,f570fab63f2b423a99214f85d9b0153b,Folk/Country
Casbah,Thu Oct 9,Patrick Wolf,,https://wl.seetickets.us/event/patrick-wolf/639734?afflky=Casbah,$25.00-$30.00,Indie,21+,8:30PM,2025-10-09 00:00:00,25.0,30.0,2025-06-09T21:08:50.948696,Thursday,4,False,2025-10-09 20:30:00,False,d7ad3cc13d2b424182d07205ea79dee0,Rock/Alternative
Casbah,Fri Oct 10,Nourished by Time,Zsela,https://wl.seetickets.us/event/nourished-by-time/648769?afflky=Casbah,$20.00-$23.00,R&B,21+,8:30PM,2025-10-10 00:00:00,20.0,23.0,2025-06-09T21:08:50.948696,Friday,5,True,2025-10-10 20:30:00,False,0ef375d03f7f4b1b898e517a29ae7ee0,Soul/R&B
Casbah,Sun Oct 12,Jembaa Groove,,https://wl.seetickets.us/event/jembaa-groove/649693?afflky=Casbah,$17.00-$20.00,World,21+,8:30PM,2025-10-12 00:00:00,17.0,20.0,2025-06-09T21:08:50.948696,Sunday,7,True,2025-10-12 20:30:00,False,7e26b90036f647f6ab342665ee90113e,Global/World
Casbah,Tue Oct 14,"Shonen Knife, The Pack A.D.",,https://wl.seetickets.us/event/shonen-knife-the-pack-ad/643981?afflky=Casbah,$20.00-$25.00,Rock,21+,8:30PM,2025-10-14 00:00:00,20.0,25.0,2025-06-09T21:08:50.948696,Tuesday,2,False,2025-10-14 20:30:00,False,0ef975043e3b49ed8f14d010890b1f10,Rock/Alternative
Casbah,Wed Oct 22,"Night Moves, Sam Blasucci",,https://wl.seetickets.us/event/night-moves-sam-blasucci/652575?afflky=Casbah,$20.00-$25.00,Indie,21+,8:00PM,2025-10-22 00:00:00,20.0,25.0,2025-06-09T21:08:50.948696,Wednesday,3,False,2025-10-22 20:00:00,False,8265d93b8c90474e943744525934cbc5,Rock/Alternative
Casbah,Thu Oct 23,"Night Moves, Sam Blasucci",,https://wl.seetickets.us/event/night-moves-sam-blasucci/652577?afflky=Casbah,$20.00-$25.00,Indie,21+,8:00PM,2025-10-23 00:00:00,20.0,25.0,2025-06-09T21:08:50.948696,Thursday,4,False,2025-10-23 20:00:00,False,c60be6d99da34d4a9db860c1708ac2d1,Rock/Alternative
Casbah,Sun Oct 26,Water From Your Eyes,Dutch Interior,https://wl.seetickets.us/event/water-from-your-eyes/651254?afflky=Casbah,$20.00-$25.00,Alternative,21+,8:00PM,2025-10-26 00:00:00,20.0,25.0,2025-06-09T21:08:50.948696,Sunday,7,True,2025-10-26 20:00:00,False,c70d7d695b41489e8d2c72367d8fec9b,Rock/Alternative
Casbah,Wed Oct 29,The Meteors,,https://wl.seetickets.us/event/the-meteors/646907?afflky=Casbah,$20.00,Punk,21+,8:30PM,2025-10-29 00:00:00,20.0,,2025-06-09T21:08:50.948696,Wednesday,3,False,2025-10-29 20:30:00,False,62f45ece62d2460f9ae68cdff056b2e9,Punk
Casbah,Sat Nov 8,Neko Case,John Grant,https://www.ticketweb.com/event/neko-case-fall-tour-2025-belly-up-tickets/14372183?pl=bellyup,$56.00-$98.00,Indie,21+,8:00PM,2025-11-08 00:00:00,56.0,98.0,2025-06-09T21:08:50.948696,Saturday,6,True,2025-11-08 20:00:00,False,bedccdc500c240258133219dc9493636,Rock/Alternative
Casbah,Sun Nov 9,Neko Case,John Grant,https://www.ticketweb.com/event/neko-case-fall-tour-2025-belly-up-tickets/13775114?pl=bellyup,$56.00-$98.00,Indie,21+,8:00PM,2025-11-09 00:00:00,56.0,98.0,2025-06-09T21:08:50.948696,Sunday,7,True,2025-11-09 20:00:00,False,343f36e7c87e4d11822b50a5ff6a2cfb,Rock/Alternative
Casbah,Sun Nov 9,Born Ruffians,,https://wl.seetickets.us/event/born-ruffians/646960?afflky=Casbah,$22.00-$25.00,Alternative,21+,8:30PM,2025-11-09 00:00:00,22.0,25.0,2025-06-09T21:08:50.948696,Sunday,7,True,2025-11-09 20:30:00,False,49ff81ed49c346289460ed65d1c9a3ce,Rock/Alternative
Casbah,Wed Nov 12,Trash Panda,The Dirty Turkeys,https://wl.seetickets.us/event/trash-panda/652570?afflky=Casbah,$20.00-$25.00,Alternative,21+,8:30PM,2025-11-12 00:00:00,20.0,25.0,2025-06-09T21:08:50.948696,Wednesday,3,False,2025-11-12 20:30:00,False,2ecc6af5fdab48018621a0a4a9e9c516,Rock/Alternative
Casbah,Fri Nov 14,Mating Ritual,,https://wl.seetickets.us/event/mating-ritual/651790?afflky=Casbah,$20.00-$25.00,Alternative,21+,8:30PM,2025-11-14 00:00:00,20.0,25.0,2025-06-09T21:08:50.948696,Friday,5,True,2025-11-14 20:30:00,False,401dc24e0f334a588bd81417a5bb1cb9,Rock/Alternative
Casbah,Sat Nov 15,Southern Culture on the Skids,,https://wl.seetickets.us/event/southern-culture-on-the-skids/650012?afflky=Casbah,$25.00-$30.00,Rock,21+,8:00PM,2025-11-15 00:00:00,25.0,30.0,2025-06-09T21:08:50.948696,Saturday,6,True,2025-11-15 20:00:00,False,dfb271dc14cc494a93c392c5ff0b5a3f,Rock/Alternative
Casbah,Sat Nov 22,The Stews,,https://wl.seetickets.us/event/the-stews/642272?afflky=Casbah,$20.00-$25.00,Rock,21+,8:30PM,2025-11-22 00:00:00,20.0,25.0,2025-06-09T21:08:50.948696,Saturday,6,True,2025-11-22 20:30:00,False,f2c7e6bbcecc4329aa3683ba21fa1b92,Rock/Alternative
Casbah,Sun Dec 7,Safe Mind,,https://wl.seetickets.us/event/safe-mind/651833?afflky=Casbah,$18.00-$20.00,Hyperpop,21+,8:30PM,2025-12-07 00:00:00,18.0,20.0,2025-06-09T21:08:50.948696,Sunday,7,True,2025-12-07 20:30:00,False,b24d283afd0c43d19354e02247515d92,Electronic/Dance
